{"categoryName":"Action","categoryId":1},
{"categoryName":"Adventure","categoryId":2},
{"categoryName":"Animation","categoryId":3},
{"categoryName":"Children","categoryId":4},
{"categoryName":"Comedy","categoryId":5},
{"categoryName":"Crime","categoryId":6},
{"categoryName":"Documentary","categoryId":7},
{"categoryName":"Drama","categoryId":8},
{"categoryName":"Fantasy","categoryId":9},
{"categoryName":"Horror","categoryId":10},
{"categoryName":"Mystery","categoryId":11},
{"categoryName":"Thriller","categoryId":12}
