{"movieId":1,"rating":4,"category":"Adventure"}
{"movieId":2,"rating":3.5,"category":"Adventure"}
{"movieId":3,"rating":4,"category":"Comedy"}
{"movieId":4,"rating":0,"category":"Comedy"}
{"movieId":5,"rating":0,"category":"Comedy"}
{"movieId":6,"rating":3,"category":"Action"}
{"movieId":7,"rating":5,"category":"Comedy"}
{"movieId":8,"rating":0,"category":"Adventure"}
{"movieId":9,"rating":0,"category":"Action"}
{"movieId":10,"rating":4,"category":"Action"}
{"movieId":11,"rating":5,"category":"Comedy"}
{"movieId":12,"rating":0,"category":"Comedy"}
{"movieId":13,"rating":0,"category":"Adventure"}
{"movieId":14,"rating":0,"category":"Drama"}
{"movieId":15,"rating":2,"category":"Action"}
{"movieId":16,"rating":3,"category":"Crime"}
{"movieId":17,"rating":3,"category":"Drama"}
{"movieId":18,"rating":0,"category":"Comedy"}
{"movieId":19,"rating":3,"category":"Comedy"}
{"movieId":20,"rating":0,"category":"Action"}
{"movieId":21,"rating":4,"category":"Comedy"}
{"movieId":22,"rating":0,"category":"Crime"}
{"movieId":23,"rating":0,"category":"Action"}
{"movieId":24,"rating":3,"category":"Drama"}
{"movieId":25,"rating":4,"category":"Drama"}
{"movieId":26,"rating":0,"category":"Drama"}
{"movieId":27,"rating":0,"category":"Children"}
{"movieId":28,"rating":0,"category":"Drama"}
{"movieId":29,"rating":3.5,"category":"Adventure"}
{"movieId":30,"rating":0,"category":"Crime"}
{"movieId":31,"rating":0,"category":"Drama"}
{"movieId":32,"rating":3.5,"category":"Mystery"}
{"movieId":33,"rating":0,"category":"Adventure"}
{"movieId":34,"rating":0,"category":"Children"}
{"movieId":35,"rating":0,"category":"Drama"}
{"movieId":36,"rating":0,"category":"Crime"}
{"movieId":37,"rating":0,"category":"Documentary"}
{"movieId":38,"rating":0,"category":"Children"}
{"movieId":39,"rating":3,"category":"Comedy"}
{"movieId":40,"rating":0,"category":"Drama"}
{"movieId":41,"rating":0,"category":"Drama"}
{"movieId":42,"rating":0,"category":"Action"}
{"movieId":43,"rating":0,"category":"Drama"}
{"movieId":44,"rating":0,"category":"Action"}
{"movieId":45,"rating":0,"category":"Comedy"}
{"movieId":46,"rating":0,"category":"Drama"}
{"movieId":47,"rating":3.5,"category":"Mystery"}
{"movieId":48,"rating":4,"category":"Animation"}
{"movieId":49,"rating":0,"category":"Drama"}
{"movieId":50,"rating":3.5,"category":"Crime"}
{"movieId":51,"rating":0,"category":"Action"}
{"movieId":52,"rating":5,"category":"Comedy"}
{"movieId":53,"rating":0,"category":"Adventure"}
{"movieId":54,"rating":0,"category":"Children"}
{"movieId":55,"rating":0,"category":"Drama"}
{"movieId":56,"rating":0,"category":"Adventure"}
{"movieId":57,"rating":0,"category":"Drama"}
{"movieId":58,"rating":0,"category":"Comedy"}
{"movieId":59,"rating":0,"category":"Drama"}
{"movieId":60,"rating":3,"category":"Adventure"}
{"movieId":61,"rating":0,"category":"Drama"}
{"movieId":62,"rating":5,"category":"Drama"}
{"movieId":63,"rating":0,"category":"Comedy"}
{"movieId":64,"rating":0,"category":"Comedy"}
{"movieId":65,"rating":2,"category":"Comedy"}
{"movieId":66,"rating":0,"category":"Action"}
{"movieId":67,"rating":0,"category":"Drama"}
{"movieId":68,"rating":0,"category":"Comedy"}
{"movieId":69,"rating":0,"category":"Comedy"}
{"movieId":70,"rating":5,"category":"Action"}
{"movieId":71,"rating":0,"category":"Action"}
{"movieId":72,"rating":0,"category":"Comedy"}
{"movieId":73,"rating":0,"category":"Drama"}
{"movieId":74,"rating":0,"category":"Drama"}
{"movieId":75,"rating":0,"category":"Comedy"}
{"movieId":76,"rating":0,"category":"Action"}
{"movieId":77,"rating":0,"category":"Documentary"}
{"movieId":78,"rating":0,"category":"Action"}
{"movieId":79,"rating":0,"category":"Drama"}
{"movieId":80,"rating":0,"category":"Children"}
{"movieId":81,"rating":0,"category":"Crime"}
{"movieId":82,"rating":0,"category":"Comedy"}
{"movieId":83,"rating":0,"category":"Drama"}
{"movieId":84,"rating":0,"category":"Comedy"}
{"movieId":85,"rating":0,"category":"Drama"}
{"movieId":86,"rating":0,"category":"Action"}
{"movieId":87,"rating":0,"category":"Children"}
{"movieId":88,"rating":0,"category":"Comedy"}
{"movieId":89,"rating":0,"category":"Action"}
{"movieId":90,"rating":0,"category":"Drama"}
{"movieId":92,"rating":0,"category":"Drama"}
{"movieId":93,"rating":0,"category":"Comedy"}
{"movieId":94,"rating":0,"category":"Comedy"}
{"movieId":95,"rating":0,"category":"Action"}
{"movieId":96,"rating":0,"category":"Comedy"}
{"movieId":97,"rating":0,"category":"Crime"}
{"movieId":98,"rating":0,"category":"Action"}
{"movieId":99,"rating":0,"category":"Documentary"}
{"movieId":100,"rating":0,"category":"Drama"}
{"movieId":101,"rating":0,"category":"Adventure"}
{"movieId":102,"rating":0,"category":"Comedy"}
{"movieId":103,"rating":0,"category":"Mystery"}
{"movieId":104,"rating":2,"category":"Comedy"}
{"movieId":105,"rating":2,"category":"Drama"}
{"movieId":106,"rating":0,"category":"Comedy"}
{"movieId":107,"rating":0,"category":"Adventure"}
{"movieId":108,"rating":0,"category":"Documentary"}
{"movieId":109,"rating":0,"category":"Comedy"}
{"movieId":110,"rating":4,"category":"Action"}
{"movieId":111,"rating":0,"category":"Crime"}
{"movieId":112,"rating":3.5,"category":"Action"}
{"movieId":113,"rating":0,"category":"Drama"}
{"movieId":114,"rating":0,"category":"Drama"}
{"movieId":115,"rating":0,"category":"Comedy"}
{"movieId":116,"rating":0,"category":"Documentary"}
{"movieId":117,"rating":0,"category":"Crime"}
{"movieId":118,"rating":0,"category":"Comedy"}
{"movieId":119,"rating":0,"category":"Comedy"}
{"movieId":120,"rating":0,"category":"Adventure"}
{"movieId":121,"rating":0,"category":"Drama"}
{"movieId":122,"rating":2,"category":"Comedy"}
{"movieId":123,"rating":0,"category":"Drama"}
{"movieId":124,"rating":0,"category":"Drama"}
{"movieId":125,"rating":0,"category":"Comedy"}
{"movieId":126,"rating":0,"category":"Adventure"}
{"movieId":127,"rating":0,"category":"Drama"}
{"movieId":128,"rating":0,"category":"Documentary"}
{"movieId":129,"rating":0,"category":"Comedy"}
{"movieId":130,"rating":0,"category":"Drama"}
{"movieId":131,"rating":0,"category":"Drama"}
{"movieId":132,"rating":0,"category":"Thriller"}
{"movieId":133,"rating":0,"category":"Comedy"}
{"movieId":134,"rating":0,"category":"Documentary"}
{"movieId":135,"rating":3,"category":"Comedy"}
{"movieId":136,"rating":0,"category":"Documentary"}
{"movieId":137,"rating":0,"category":"Documentary"}
{"movieId":138,"rating":0,"category":"Drama"}
{"movieId":139,"rating":0,"category":"Action"}
{"movieId":140,"rating":2,"category":"Drama"}
{"movieId":141,"rating":5,"category":"Comedy"}
{"movieId":142,"rating":0,"category":"Drama"}
{"movieId":143,"rating":0,"category":"Drama"}
{"movieId":144,"rating":0,"category":"Comedy"}
{"movieId":145,"rating":3,"category":"Action"}
{"movieId":146,"rating":0,"category":"Adventure"}
{"movieId":147,"rating":0,"category":"Drama"}
{"movieId":148,"rating":0,"category":"Drama"}
{"movieId":149,"rating":0,"category":"Crime"}
{"movieId":150,"rating":5,"category":"Adventure"}
{"movieId":151,"rating":4,"category":"Action"}
{"movieId":152,"rating":0,"category":"Drama"}
{"movieId":153,"rating":3,"category":"Action"}
{"movieId":154,"rating":0,"category":"Drama"}
{"movieId":155,"rating":0,"category":"Adventure"}
{"movieId":156,"rating":0,"category":"Comedy"}
{"movieId":157,"rating":0,"category":"Comedy"}
{"movieId":158,"rating":4,"category":"Adventure"}
{"movieId":159,"rating":0,"category":"Crime"}
{"movieId":160,"rating":3,"category":"Action"}
{"movieId":161,"rating":4,"category":"Drama"}
{"movieId":162,"rating":0,"category":"Documentary"}
{"movieId":163,"rating":0,"category":"Action"}
{"movieId":164,"rating":0,"category":"Crime"}
{"movieId":165,"rating":3,"category":"Action"}
{"movieId":166,"rating":0,"category":"Comedy"}
{"movieId":167,"rating":0,"category":"Drama"}
{"movieId":168,"rating":3,"category":"Action"}
{"movieId":169,"rating":0,"category":"Adventure"}
{"movieId":170,"rating":5,"category":"Action"}
{"movieId":171,"rating":0,"category":"Comedy"}
{"movieId":172,"rating":1,"category":"Action"}
{"movieId":173,"rating":2,"category":"Action"}
{"movieId":174,"rating":0,"category":"Comedy"}
{"movieId":175,"rating":5,"category":"Drama"}
{"movieId":176,"rating":0,"category":"Comedy"}
{"movieId":177,"rating":0,"category":"Horror"}
{"movieId":178,"rating":0,"category":"Comedy"}
{"movieId":179,"rating":0,"category":"Drama"}
{"movieId":180,"rating":0,"category":"Comedy"}
{"movieId":181,"rating":0,"category":"Action"}
{"movieId":182,"rating":0,"category":"Drama"}
{"movieId":183,"rating":0,"category":"Comedy"}
{"movieId":184,"rating":0,"category":"Drama"}
{"movieId":185,"rating":2,"category":"Action"}
{"movieId":186,"rating":0,"category":"Comedy"}
{"movieId":187,"rating":0,"category":"Comedy"}
{"movieId":188,"rating":0,"category":"Fantasy"}
{"movieId":189,"rating":0,"category":"Comedy"}
{"movieId":190,"rating":0,"category":"Thriller"}
{"movieId":191,"rating":0,"category":"Drama"}
{"movieId":192,"rating":0,"category":"Documentary"}
{"movieId":193,"rating":0,"category":"Drama"}
{"movieId":194,"rating":0,"category":"Comedy"}
{"movieId":195,"rating":0,"category":"Comedy"}
{"movieId":196,"rating":3,"category":"Horror"}
{"movieId":197,"rating":0,"category":"Drama"}
{"movieId":198,"rating":0,"category":"Action"}
{"movieId":199,"rating":0,"category":"Drama"}
{"movieId":200,"rating":0,"category":"Thriller"}
