{"department_id":1,"department_name":"frozen"}
{"department_id":2,"department_name":"other"}
{"department_id":3,"department_name":"bakery"}
{"department_id":4,"department_name":"produce"}
{"department_id":5,"department_name":"alcohol"}
{"department_id":6,"department_name":"international"}
{"department_id":7,"department_name":"beverages"}
{"department_id":8,"department_name":"pets"}
{"department_id":9,"department_name":"dry goods pasta"}
{"department_id":10,"department_name":"bulk"}
{"department_id":11,"department_name":"personal care"}
{"department_id":12,"department_name":"meat seafood"}
{"department_id":13,"department_name":"pantry"}
{"department_id":14,"department_name":"breakfast"}
{"department_id":15,"department_name":"canned goods"}
{"department_id":16,"department_name":"dairy eggs"}
{"department_id":17,"department_name":"household"}
{"department_id":18,"department_name":"babies"}
{"department_id":19,"department_name":"snacks"}
{"department_id":20,"department_name":"deli"}
{"department_id":21,"department_name":"missing"}
